<?xml version="1.0" encoding="UTF-8"?>
<Configuration status="INFO">
    <Appenders>
        <Console name="Console" target="SYSTEM_OUT">
            <PatternLayout pattern="%d{HH:mm:ss.SSS} [%t] %-5level %l - %m%n"/>
        </Console>
    </Appenders>
    <Loggers>
        <Root level="debug">
            <AppenderRef ref="Console"/>
        </Root>
        <logger name="org.apache.http" level="debug">
            <AppenderRef ref="Console"/>
        </logger>
    </Loggers>
</Configuration>